image,cut_type
1.png,Axial
2.png,Axial
3.png,Axial
4.png,Axial
5.png,Axial
6.png,Axial
7.png,Axial
8.png,Axial
9.png,Axial
10.png,Axial
11.png,Axial
12.png,Axial
13.png,Axial
14.png,Axial
15.png,Axial
16.png,Axial
17.png,Axial
18.png,Axial
19.png,Axial
20.png,Axial
21.png,Axial
22.png,Axial
23.png,Axial
24.png,Axial
25.png,Axial
26.png,Axial
27.png,Axial
28.png,Axial
29.png,Axial
30.png,Axial
31.png,Axial
32.png,Axial
33.png,Axial
34.png,Axial
35.png,Axial
36.png,Axial
37.png,Axial
38.png,Axial
39.png,Axial
40.png,Axial
41.png,Axial
42.png,Axial
43.png,Axial
44.png,Axial
45.png,Axial
46.png,Axial
47.png,Axial
48.png,Axial
49.png,Axial
50.png,Axial
51.png,Axial
52.png,Axial
53.png,Axial
54.png,Axial
55.png,Axial
56.png,Axial
57.png,Axial
58.png,Axial
59.png,Axial
60.png,Axial
61.png,Axial
62.png,Axial
63.png,Axial
64.png,Axial
65.png,Axial
66.png,Axial
67.png,Axial
68.png,Axial
69.png,Axial
70.png,Axial
71.png,Axial
72.png,Axial
73.png,Axial
74.png,Axial
75.png,Axial
76.png,Axial
77.png,Axial
78.png,Axial
79.png,Axial
80.png,Axial
81.png,Axial
82.png,Axial
83.png,Axial
84.png,Axial
85.png,Axial
86.png,Axial
87.png,Axial
88.png,Axial
89.png,Axial
90.png,Axial
91.png,Axial
92.png,Axial
93.png,Axial
94.png,Axial
95.png,Axial
96.png,Axial
97.png,Axial
98.png,Axial
99.png,Axial
100.png,Axial
101.png,Axial
102.png,Axial
103.png,Axial
104.png,Axial
105.png,Axial
106.png,Axial
107.png,Axial
108.png,Axial
109.png,Axial
110.png,Axial
111.png,Axial
112.png,Axial
113.png,Axial
114.png,Axial
115.png,Axial
116.png,Axial
117.png,Axial
118.png,Axial
119.png,Axial
120.png,Axial
121.png,Axial
122.png,Axial
123.png,Axial
124.png,Axial
125.png,Axial
126.png,Axial
127.png,Axial
128.png,Axial
129.png,Axial
130.png,Axial
131.png,Axial
132.png,Axial
133.png,Axial
134.png,Axial
135.png,Axial
136.png,Axial
137.png,Axial
138.png,Axial
139.png,Axial
140.png,Axial
141.png,Axial
142.png,Axial
143.png,Axial
144.png,Axial
145.png,Axial
146.png,Axial
147.png,Axial
148.png,Axial
149.png,Axial
150.png,Axial
151.png,Axial
152.png,Axial
153.png,Axial
154.png,Axial
155.png,Axial
156.png,Axial
157.png,Axial
158.png,Axial
159.png,Axial
160.png,Axial
161.png,Axial
162.png,Axial
163.png,Axial
164.png,Axial
165.png,Axial
166.png,Axial
167.png,Axial
168.png,Axial
169.png,Axial
170.png,Axial
171.png,Axial
172.png,Axial
173.png,Axial
174.png,Axial
175.png,Axial
176.png,Axial
177.png,Axial
178.png,Axial
179.png,Axial
180.png,Axial
181.png,Axial
182.png,Axial
183.png,Axial
184.png,Axial
185.png,Axial
186.png,Axial
187.png,Axial
188.png,Axial
189.png,Axial
190.png,Axial
191.png,Axial
192.png,Axial
193.png,Axial
194.png,Axial
195.png,Axial
196.png,Axial
197.png,Axial
198.png,Axial
199.png,Axial
200.png,Axial
201.png,Axial
202.png,Axial
203.png,Axial
204.png,Axial
205.png,Axial
206.png,Axial
207.png,Axial
208.png,Axial
209.png,Axial
210.png,Axial
211.png,Coronal
212.png,Coronal
213.png,Coronal
214.png,Coronal
215.png,Coronal
216.png,Coronal
217.png,Coronal
218.png,Coronal
219.png,Coronal
220.png,Coronal
221.png,Coronal
222.png,Coronal
223.png,Coronal
224.png,Coronal
225.png,Coronal
226.png,Coronal
227.png,Coronal
228.png,Coronal
229.png,Coronal
230.png,Coronal
231.png,Coronal
232.png,Coronal
233.png,Coronal
234.png,Coronal
235.png,Coronal
236.png,Coronal
237.png,Coronal
238.png,Coronal
239.png,Coronal
240.png,Coronal
241.png,Coronal
242.png,Coronal
243.png,Coronal
244.png,Coronal
245.png,Coronal
246.png,Coronal
247.png,Coronal
248.png,Coronal
249.png,Coronal
250.png,Coronal
251.png,Coronal
252.png,Coronal
253.png,Coronal
254.png,Coronal
255.png,Coronal
256.png,Coronal
257.png,Coronal
258.png,Coronal
259.png,Coronal
260.png,Coronal
261.png,Coronal
262.png,Coronal
263.png,Coronal
264.png,Coronal
265.png,Coronal
266.png,Coronal
267.png,Coronal
268.png,Coronal
269.png,Coronal
270.png,Coronal
271.png,Coronal
272.png,Coronal
273.png,Coronal
274.png,Coronal
275.png,Coronal
276.png,Coronal
277.png,Coronal
278.png,Coronal
279.png,Coronal
280.png,Coronal
281.png,Coronal
282.png,Coronal
283.png,Coronal
284.png,Coronal
285.png,Coronal
286.png,Coronal
287.png,Coronal
288.png,Coronal
289.png,Coronal
290.png,Coronal
291.png,Coronal
292.png,Coronal
293.png,Coronal
294.png,Coronal
295.png,Coronal
296.png,Coronal
297.png,Coronal
298.png,Coronal
299.png,Coronal
300.png,Coronal
301.png,Coronal
302.png,Coronal
303.png,Coronal
304.png,Coronal
305.png,Coronal
306.png,Coronal
307.png,Coronal
308.png,Coronal
309.png,Coronal
310.png,Coronal
311.png,Coronal
312.png,Coronal
313.png,Coronal
314.png,Coronal
315.png,Coronal
316.png,Coronal
317.png,Coronal
318.png,Coronal
319.png,Coronal
320.png,Coronal
321.png,Coronal
322.png,Coronal
323.png,Coronal
324.png,Coronal
325.png,Coronal
326.png,Coronal
327.png,Coronal
328.png,Coronal
329.png,Coronal
330.png,Coronal
331.png,Coronal
332.png,Coronal
333.png,Coronal
334.png,Coronal
335.png,Coronal
336.png,Coronal
337.png,Coronal
338.png,Coronal
339.png,Coronal
340.png,Coronal
341.png,Coronal
342.png,Coronal
343.png,Coronal
344.png,Coronal
345.png,Coronal
346.png,Coronal
347.png,Coronal
348.png,Coronal
349.png,Coronal
350.png,Coronal
351.png,Coronal
352.png,Coronal
353.png,Coronal
354.png,Coronal
355.png,Coronal
356.png,Coronal
357.png,Coronal
358.png,Coronal
359.png,Coronal
360.png,Coronal
361.png,Coronal
362.png,Coronal
363.png,Coronal
364.png,Coronal
365.png,Coronal
366.png,Coronal
367.png,Coronal
368.png,Coronal
369.png,Coronal
370.png,Coronal
371.png,Coronal
372.png,Coronal
373.png,Coronal
374.png,Coronal
375.png,Coronal
376.png,Coronal
377.png,Coronal
378.png,Coronal
379.png,Coronal
380.png,Coronal
381.png,Coronal
382.png,Coronal
383.png,Coronal
384.png,Coronal
385.png,Coronal
386.png,Coronal
387.png,Coronal
388.png,Coronal
389.png,Coronal
390.png,Coronal
391.png,Coronal
392.png,Coronal
393.png,Coronal
394.png,Coronal
395.png,Coronal
396.png,Coronal
397.png,Coronal
398.png,Coronal
399.png,Coronal
400.png,Coronal
401.png,Coronal
402.png,Coronal
403.png,Coronal
404.png,Coronal
405.png,Coronal
406.png,Coronal
407.png,Coronal
408.png,Coronal
409.png,Coronal
410.png,Coronal
411.png,Coronal
412.png,Coronal
413.png,Coronal
414.png,Coronal
415.png,Coronal
416.png,Coronal
417.png,Coronal
418.png,Coronal
419.png,Coronal
420.png,Coronal
421.png,Coronal
422.png,Coronal
423.png,Coronal
424.png,Coronal
425.png,Coronal
426.png,Coronal
427.png,Coronal
428.png,Coronal
429.png,Coronal
430.png,Coronal
431.png,Coronal
432.png,Coronal
433.png,Coronal
434.png,Coronal
435.png,Coronal
436.png,Coronal
437.png,Coronal
438.png,Coronal
439.png,Coronal
440.png,Coronal
441.png,Coronal
442.png,Sagital
443.png,Sagital
444.png,Sagital
445.png,Sagital
446.png,Sagital
447.png,Sagital
448.png,Sagital
449.png,Sagital
450.png,Sagital
451.png,Sagital
452.png,Sagital
453.png,Sagital
454.png,Sagital
455.png,Sagital
456.png,Sagital
457.png,Sagital
458.png,Sagital
459.png,Sagital
460.png,Sagital
461.png,Sagital
462.png,Sagital
463.png,Sagital
464.png,Sagital
465.png,Sagital
466.png,Sagital
467.png,Sagital
468.png,Sagital
469.png,Sagital
470.png,Sagital
471.png,Sagital
472.png,Sagital
473.png,Sagital
474.png,Sagital
475.png,Sagital
476.png,Sagital
477.png,Sagital
478.png,Sagital
479.png,Sagital
480.png,Sagital
481.png,Sagital
482.png,Sagital
483.png,Sagital
484.png,Sagital
485.png,Sagital
486.png,Sagital
487.png,Sagital
488.png,Sagital
489.png,Sagital
490.png,Sagital
491.png,Sagital
492.png,Sagital
493.png,Sagital
494.png,Sagital
495.png,Sagital
496.png,Sagital
497.png,Sagital
498.png,Sagital
499.png,Sagital
500.png,Sagital
501.png,Sagital
502.png,Sagital
503.png,Sagital
504.png,Sagital
505.png,Sagital
506.png,Sagital
507.png,Sagital
508.png,Sagital
509.png,Sagital
510.png,Sagital
511.png,Sagital
512.png,Sagital
513.png,Sagital
514.png,Sagital
515.png,Sagital
516.png,Sagital
517.png,Sagital
518.png,Sagital
519.png,Sagital
520.png,Sagital
521.png,Sagital
522.png,Sagital
523.png,Sagital
524.png,Sagital
525.png,Sagital
526.png,Sagital
527.png,Sagital
528.png,Sagital
529.png,Sagital
530.png,Sagital
531.png,Sagital
532.png,Sagital
533.png,Sagital
534.png,Sagital
535.png,Sagital
536.png,Sagital
537.png,Sagital
538.png,Sagital
539.png,Sagital
540.png,Sagital
541.png,Sagital
542.png,Sagital
543.png,Sagital
544.png,Sagital
545.png,Sagital
546.png,Sagital
547.png,Sagital
548.png,Sagital
549.png,Sagital
550.png,Sagital
551.png,Sagital
552.png,Sagital
553.png,Sagital
554.png,Sagital
555.png,Sagital
556.png,Sagital
557.png,Sagital
558.png,Sagital
559.png,Sagital
560.png,Sagital
561.png,Sagital
562.png,Sagital
563.png,Sagital
564.png,Sagital
565.png,Sagital
566.png,Sagital
567.png,Sagital
568.png,Sagital
569.png,Sagital
570.png,Sagital
571.png,Sagital
572.png,Sagital
573.png,Sagital
574.png,Sagital
575.png,Sagital
576.png,Sagital
577.png,Sagital
578.png,Sagital
579.png,Sagital
580.png,Sagital
581.png,Sagital
582.png,Sagital
583.png,Sagital
584.png,Sagital
585.png,Sagital
586.png,Sagital
587.png,Sagital
588.png,Sagital
589.png,Sagital
590.png,Sagital
591.png,Sagital
592.png,Sagital
593.png,Sagital
594.png,Sagital
595.png,Sagital
596.png,Sagital
597.png,Sagital
598.png,Sagital
599.png,Sagital
600.png,Sagital
601.png,Sagital
602.png,Sagital
603.png,Sagital
604.png,Sagital
605.png,Sagital
606.png,Sagital
607.png,Sagital
608.png,Sagital
609.png,Sagital
610.png,Sagital
611.png,Sagital
612.png,Sagital
613.png,Sagital
614.png,Sagital
615.png,Sagital
616.png,Sagital
617.png,Sagital
618.png,Sagital
619.png,Sagital
620.png,Sagital
621.png,Sagital
622.png,Sagital
623.png,Sagital
624.png,Sagital
625.png,Sagital
626.png,Sagital
627.png,Sagital
628.png,Sagital
629.png,Sagital
630.png,Sagital
631.png,Sagital
632.png,Sagital
633.png,Sagital
634.png,Sagital
635.png,Sagital
636.png,Sagital
637.png,Sagital
638.png,Sagital
639.png,Sagital
640.png,Sagital
641.png,Sagital
642.png,Sagital
643.png,Sagital
644.png,Sagital
645.png,Sagital
646.png,Sagital
647.png,Sagital
648.png,Sagital
649.png,Sagital
650.png,Sagital
651.png,Sagital
652.png,Sagital
653.png,Sagital
654.png,Sagital
655.png,Sagital
656.png,Sagital
657.png,Sagital
658.png,Sagital
659.png,Sagital
660.png,Sagital
661.png,Sagital
662.png,Sagital
663.png,Sagital
664.png,Sagital
665.png,Sagital
666.png,Sagital
667.png,Sagital
668.png,Sagital
669.png,Sagital
670.png,Sagital
671.png,Sagital
672.png,Sagital
673.png,Sagital
674.png,Sagital
675.png,Sagital
676.png,Sagital
677.png,Sagital
678.png,Sagital
679.png,Sagital
680.png,Sagital
681.png,Sagital
682.png,Sagital
683.png,Sagital
684.png,Sagital
685.png,Sagital
686.png,Sagital
687.png,Sagital
688.png,Sagital
689.png,Sagital
690.png,Sagital
691.png,Sagital
692.png,Sagital
693.png,Sagital
694.png,Sagital
695.png,Sagital
696.png,Sagital
697.png,Sagital
698.png,Sagital
699.png,Sagital
700.png,Sagital
701.png,Sagital
702.png,Sagital
703.png,Sagital
704.png,Sagital
705.png,Sagital
706.png,Sagital
707.png,Sagital
708.png,Sagital
709.png,Axial
710.png,Axial
711.png,Axial
712.png,Axial
713.png,Axial
714.png,Axial
715.png,Axial
716.png,Axial
717.png,Axial
718.png,Axial
719.png,Axial
720.png,Axial
721.png,Axial
722.png,Axial
723.png,Axial
724.png,Axial
725.png,Axial
726.png,Axial
727.png,Axial
728.png,Axial
729.png,Axial
730.png,Axial
731.png,Axial
732.png,Axial
733.png,Axial
734.png,Axial
735.png,Axial
736.png,Axial
737.png,Axial
738.png,Axial
739.png,Axial
740.png,Axial
741.png,Axial
742.png,Axial
743.png,Axial
744.png,Axial
745.png,Axial
746.png,Axial
747.png,Coronal
748.png,Coronal
749.png,Coronal
750.png,Coronal
751.png,Coronal
752.png,Coronal
753.png,Coronal
754.png,Coronal
755.png,Coronal
756.png,Coronal
757.png,Coronal
758.png,Coronal
759.png,Coronal
760.png,Coronal
761.png,Coronal
762.png,Coronal
763.png,Coronal
764.png,Coronal
765.png,Coronal
766.png,Coronal
767.png,Coronal
768.png,Coronal
769.png,Coronal
770.png,Coronal
771.png,Coronal
772.png,Coronal
773.png,Coronal
774.png,Coronal
775.png,Coronal
776.png,Coronal
777.png,Coronal
778.png,Coronal
779.png,Sagital
780.png,Sagital
781.png,Coronal
782.png,Coronal
783.png,Coronal
784.png,Coronal
785.png,Coronal
786.png,Coronal
787.png,Coronal
788.png,Coronal
789.png,Coronal
790.png,Coronal
791.png,Coronal
792.png,Coronal
793.png,Coronal
794.png,Coronal
795.png,Coronal
796.png,Coronal
797.png,Coronal
798.png,Coronal
799.png,Coronal
800.png,Coronal
801.png,Coronal
802.png,Coronal
803.png,Coronal
804.png,Coronal
805.png,Coronal
806.png,Coronal
807.png,Coronal
808.png,Coronal
809.png,Coronal
810.png,Coronal
811.png,Coronal
812.png,Coronal
813.png,Coronal
814.png,Coronal
815.png,Coronal
816.png,Coronal
817.png,Coronal
818.png,Sagital
819.png,Sagital
820.png,Sagital
821.png,Sagital
822.png,Sagital
823.png,Sagital
824.png,Sagital
825.png,Sagital
826.png,Sagital
827.png,Sagital
828.png,Sagital
829.png,Sagital
830.png,Sagital
831.png,Sagital
832.png,Sagital
833.png,Sagital
834.png,Sagital
835.png,Sagital
836.png,Sagital
837.png,Sagital
838.png,Sagital
839.png,Sagital
840.png,Sagital
841.png,Sagital
842.png,Sagital
843.png,Sagital
844.png,Sagital
845.png,Sagital
846.png,Sagital
847.png,Sagital
848.png,Sagital
849.png,Sagital
850.png,Sagital
851.png,Sagital
852.png,Sagital
853.png,Sagital
854.png,Sagital
855.png,Sagital
856.png,Sagital
857.png,Sagital
858.png,Sagital
859.png,Sagital
860.png,Sagital
861.png,Sagital
862.png,Sagital
863.png,Sagital
864.png,Sagital
865.png,Sagital
866.png,Sagital
867.png,Sagital
868.png,Sagital
869.png,Sagital
870.png,Sagital
871.png,Sagital
872.png,Sagital
873.png,Sagital
874.png,Sagital
875.png,Sagital
876.png,Sagital
877.png,Sagital
878.png,Sagital
879.png,Sagital
880.png,Sagital
881.png,Sagital
882.png,Sagital
883.png,Sagital
884.png,Sagital
885.png,Sagital
886.png,Sagital
887.png,Sagital
888.png,Sagital
889.png,Sagital
890.png,Sagital
891.png,Sagital
892.png,Sagital
893.png,Sagital
894.png,Sagital
895.png,Sagital
896.png,Sagital
897.png,Sagital
898.png,Sagital
899.png,Sagital
900.png,Sagital
901.png,Sagital
902.png,Sagital
903.png,Sagital
904.png,Sagital
905.png,Sagital
906.png,Sagital
907.png,Sagital
908.png,Sagital
909.png,Sagital
910.png,Sagital
911.png,Sagital
912.png,Sagital
913.png,Sagital
914.png,Sagital
915.png,Sagital
916.png,Sagital
917.png,Sagital
918.png,Coronal
919.png,Coronal
920.png,Coronal
921.png,Coronal
922.png,Axial
923.png,Axial
924.png,Axial
925.png,Axial
926.png,Axial
927.png,Axial
928.png,Axial
929.png,Axial
930.png,Axial
931.png,Axial
932.png,Axial
933.png,Axial
934.png,Axial
935.png,Axial
936.png,Axial
937.png,Axial
938.png,Axial
939.png,Axial
940.png,Axial
941.png,Axial
942.png,Axial
943.png,Axial
944.png,Axial
945.png,Axial
946.png,Axial
947.png,Axial
948.png,Axial
949.png,Axial
950.png,Axial
951.png,Axial
952.png,Axial
953.png,Axial
954.png,Axial
955.png,Axial
956.png,Axial
957.png,Axial
958.png,Axial
959.png,Axial
960.png,Axial
961.png,Axial
962.png,Axial
963.png,Axial
964.png,Axial
965.png,Axial
966.png,Axial
967.png,Axial
968.png,Axial
969.png,Axial
970.png,Axial
971.png,Axial
972.png,Axial
973.png,Axial
974.png,Axial
975.png,Axial
976.png,Axial
977.png,Axial
978.png,Axial
979.png,Axial
980.png,Axial
981.png,Axial
982.png,Axial
983.png,Axial
984.png,Axial
985.png,Axial
986.png,Axial
987.png,Axial
988.png,Axial
989.png,Axial
990.png,Axial
991.png,Axial
992.png,Axial
993.png,Axial
994.png,Axial
995.png,Axial
996.png,Axial
997.png,Axial
998.png,Axial
999.png,Axial
1000.png,Axial
1001.png,Axial
1002.png,Axial
1003.png,Axial
1004.png,Axial
1005.png,Axial
1006.png,Axial
1007.png,Axial
1008.png,Axial
1009.png,Axial
1010.png,Axial
1011.png,Axial
1012.png,Axial
1013.png,Axial
1014.png,Axial
1015.png,Axial
1016.png,Axial
1017.png,Axial
1018.png,Axial
1019.png,Axial
1020.png,Axial
1021.png,Axial
1022.png,Axial
1023.png,Axial
1024.png,Axial
1025.png,Axial
1026.png,Axial
1027.png,Axial
1028.png,Axial
1029.png,Axial
1030.png,Axial
1031.png,Axial
1032.png,Axial
1033.png,Axial
1034.png,Coronal
1035.png,Coronal
1036.png,Coronal
1037.png,Coronal
1038.png,Coronal
1039.png,Coronal
1040.png,Coronal
1041.png,Coronal
1042.png,Coronal
1043.png,Coronal
1044.png,Coronal
1045.png,Coronal
1046.png,Coronal
1047.png,Coronal
1048.png,Coronal
1049.png,Coronal
1050.png,Coronal
1051.png,Coronal
1052.png,Coronal
1053.png,Coronal
1054.png,Coronal
1055.png,Coronal
1056.png,Coronal
1057.png,Coronal
1058.png,Coronal
1059.png,Coronal
1060.png,Coronal
1061.png,Coronal
1062.png,Coronal
1063.png,Coronal
1064.png,Coronal
1065.png,Coronal
1066.png,Coronal
1067.png,Coronal
1068.png,Coronal
1069.png,Coronal
1070.png,Coronal
1071.png,Coronal
1072.png,Coronal
1073.png,Coronal
1074.png,Coronal
1075.png,Coronal
1076.png,Coronal
1077.png,Coronal
1078.png,Coronal
1079.png,Coronal
1080.png,Coronal
1081.png,Coronal
1082.png,Coronal
1083.png,Coronal
1084.png,Coronal
1085.png,Coronal
1086.png,Coronal
1087.png,Coronal
1088.png,Coronal
1089.png,Coronal
1090.png,Coronal
1091.png,Coronal
1092.png,Coronal
1093.png,Coronal
1094.png,Coronal
1095.png,Coronal
1096.png,Coronal
1097.png,Coronal
1098.png,Coronal
1099.png,Coronal
1100.png,Coronal
1101.png,Coronal
1102.png,Coronal
1103.png,Coronal
1104.png,Coronal
1105.png,Coronal
1106.png,Coronal
1107.png,Coronal
1108.png,Coronal
1109.png,Coronal
1110.png,Coronal
1111.png,Coronal
1112.png,Coronal
1113.png,Coronal
1114.png,Coronal
1115.png,Coronal
1116.png,Coronal
1117.png,Coronal
1118.png,Coronal
1119.png,Coronal
1120.png,Coronal
1121.png,Coronal
1122.png,Coronal
1123.png,Coronal
1124.png,Coronal
1125.png,Coronal
1126.png,Coronal
1127.png,Coronal
1128.png,Coronal
1129.png,Coronal
1130.png,Coronal
1131.png,Coronal
1132.png,Coronal
1133.png,Coronal
1134.png,Coronal
1135.png,Coronal
1136.png,Coronal
1137.png,Coronal
1138.png,Coronal
1139.png,Coronal
1140.png,Coronal
1141.png,Coronal
1142.png,Coronal
1143.png,Coronal
1144.png,Coronal
1145.png,Coronal
1146.png,Coronal
1147.png,Coronal
1148.png,Coronal
1149.png,Coronal
1150.png,Coronal
1151.png,Coronal
1152.png,Coronal
1153.png,Coronal
1154.png,Coronal
1155.png,Coronal
1156.png,Coronal
1157.png,Coronal
1158.png,Coronal
1159.png,Coronal
1160.png,Coronal
1161.png,Coronal
1162.png,Coronal
1163.png,Coronal
1164.png,Coronal
1165.png,Coronal
1166.png,Sagital
1167.png,Sagital
1168.png,Sagital
1169.png,Sagital
1170.png,Sagital
1171.png,Sagital
1172.png,Sagital
1173.png,Sagital
1174.png,Sagital
1175.png,Sagital
1176.png,Sagital
1177.png,Sagital
1178.png,Sagital
1179.png,Sagital
1180.png,Sagital
1181.png,Sagital
1182.png,Sagital
1183.png,Sagital
1184.png,Sagital
1185.png,Sagital
1186.png,Sagital
1187.png,Sagital
1188.png,Sagital
1189.png,Sagital
1190.png,Sagital
1191.png,Sagital
1192.png,Sagital
1193.png,Sagital
1194.png,Sagital
1195.png,Sagital
1196.png,Sagital
1197.png,Sagital
1198.png,Sagital
1199.png,Sagital
1200.png,Sagital
1201.png,Sagital
1202.png,Sagital
1203.png,Sagital
1204.png,Sagital
1205.png,Sagital
1206.png,Sagital
1207.png,Sagital
1208.png,Sagital
1209.png,Sagital
1210.png,Sagital
1211.png,Sagital
1212.png,Sagital
1213.png,Sagital
1214.png,Sagital
1215.png,Sagital
1216.png,Sagital
1217.png,Sagital
1218.png,Sagital
1219.png,Sagital
1220.png,Sagital
1221.png,Sagital
1222.png,Sagital
1223.png,Sagital
1224.png,Sagital
1225.png,Sagital
1226.png,Sagital
1227.png,Sagital
1228.png,Sagital
1229.png,Sagital
1230.png,Sagital
1231.png,Sagital
1232.png,Sagital
1233.png,Sagital
1234.png,Sagital
1235.png,Sagital
1236.png,Sagital
1237.png,Sagital
1238.png,Sagital
1239.png,Sagital
1240.png,Sagital
1241.png,Sagital
1242.png,Sagital
1243.png,Sagital
1244.png,Sagital
1245.png,Sagital
1246.png,Sagital
1247.png,Sagital
1248.png,Sagital
1249.png,Sagital
1250.png,Sagital
1251.png,Sagital
1252.png,Sagital
1253.png,Sagital
1254.png,Sagital
1255.png,Sagital
1256.png,Sagital
1257.png,Sagital
1258.png,Sagital
1259.png,Sagital
1260.png,Sagital
1261.png,Sagital
1262.png,Sagital
1263.png,Sagital
1264.png,Sagital
1265.png,Sagital
1266.png,Sagital
1267.png,Sagital
1268.png,Sagital
1269.png,Sagital
1270.png,Sagital
1271.png,Sagital
1272.png,Sagital
1273.png,Sagital
1274.png,Sagital
1275.png,Sagital
1276.png,Sagital
1277.png,Sagital
1278.png,Sagital
1279.png,Sagital
1280.png,Sagital
1281.png,Sagital
1282.png,Sagital
1283.png,Axial
1284.png,Axial
1285.png,Axial
1286.png,Axial
1287.png,Axial
1288.png,Axial
1289.png,Axial
1290.png,Axial
1291.png,Axial
1292.png,Axial
1293.png,Axial
1294.png,Axial
1295.png,Axial
1296.png,Axial
1297.png,Axial
1298.png,Axial
1299.png,Axial
1300.png,Axial
1301.png,Axial
1302.png,Axial
1303.png,Axial
1304.png,Axial
1305.png,Axial
1306.png,Axial
1307.png,Axial
1308.png,Axial
1309.png,Axial
1310.png,Axial
1311.png,Axial
1312.png,Axial
1313.png,Axial
1314.png,Axial
1315.png,Axial
1316.png,Axial
1317.png,Axial
1318.png,Axial
1319.png,Axial
1320.png,Axial
1321.png,Axial
1322.png,Axial
1323.png,Axial
1324.png,Axial
1325.png,Axial
1326.png,Axial
1327.png,Axial
1328.png,Axial
1329.png,Axial
1330.png,Axial
1331.png,Axial
1332.png,Axial
1333.png,Axial
1334.png,Axial
1335.png,Axial
1336.png,Axial
1337.png,Axial
1338.png,Axial
1339.png,Axial
1340.png,Axial
1341.png,Axial
1342.png,Axial
1343.png,Axial
1344.png,Axial
1345.png,Axial
1346.png,Axial
1347.png,Axial
1348.png,Axial
1349.png,Axial
1350.png,Axial
1351.png,Axial
1352.png,Axial
1353.png,Axial
1354.png,Axial
1355.png,Axial
1356.png,Axial
1357.png,Axial
1358.png,Axial
1359.png,Axial
1360.png,Axial
1361.png,Axial
1362.png,Axial
1363.png,Axial
1364.png,Axial
1365.png,Axial
1366.png,Axial
1367.png,Axial
1368.png,Axial
1369.png,Axial
1370.png,Axial
1371.png,Axial
1372.png,Axial
1373.png,Axial
1374.png,Axial
1375.png,Axial
1376.png,Axial
1377.png,Axial
1378.png,Axial
1379.png,Axial
1380.png,Axial
1381.png,Axial
1382.png,Axial
1383.png,Axial
1384.png,Axial
1385.png,Axial
1386.png,Axial
1387.png,Axial
1388.png,Axial
1389.png,Axial
1390.png,Axial
1391.png,Axial
1392.png,Axial
1393.png,Axial
1394.png,Axial
1395.png,Axial
1396.png,Axial
1397.png,Axial
1398.png,Axial
1399.png,Axial
1400.png,Axial
1401.png,Axial
1402.png,Axial
1403.png,Axial
1404.png,Axial
1405.png,Axial
1406.png,Axial
1407.png,Axial
1408.png,Axial
1409.png,Axial
1410.png,Axial
1411.png,Axial
1412.png,Axial
1413.png,Axial
1414.png,Axial
1415.png,Axial
1416.png,Axial
1417.png,Axial
1418.png,Axial
1419.png,Axial
1420.png,Axial
1421.png,Axial
1422.png,Axial
1423.png,Axial
1424.png,Axial
1425.png,Axial
1426.png,Axial
1427.png,Axial
1428.png,Axial
1429.png,Axial
1430.png,Axial
1431.png,Axial
1432.png,Axial
1433.png,Axial
1434.png,Axial
1435.png,Axial
1436.png,Axial
1437.png,Axial
1438.png,Axial
1439.png,Axial
1440.png,Axial
1441.png,Axial
1442.png,Axial
1443.png,Axial
1444.png,Axial
1445.png,Axial
1446.png,Axial
1447.png,Axial
1448.png,Axial
1449.png,Axial
1450.png,Axial
1451.png,Axial
1452.png,Axial
1453.png,Axial
1454.png,Axial
1455.png,Axial
1456.png,Coronal
1457.png,Coronal
1458.png,Coronal
1459.png,Coronal
1460.png,Coronal
1461.png,Coronal
1462.png,Coronal
1463.png,Coronal
1464.png,Coronal
1465.png,Coronal
1466.png,Coronal
1467.png,Coronal
1468.png,Coronal
1469.png,Coronal
1470.png,Coronal
1471.png,Coronal
1472.png,Coronal
1473.png,Coronal
1474.png,Coronal
1475.png,Coronal
1476.png,Coronal
1477.png,Coronal
1478.png,Coronal
1479.png,Coronal
1480.png,Coronal
1481.png,Coronal
1482.png,Coronal
1483.png,Coronal
1484.png,Coronal
1485.png,Coronal
1486.png,Coronal
1487.png,Coronal
1488.png,Coronal
1489.png,Coronal
1490.png,Coronal
1491.png,Coronal
1492.png,Coronal
1493.png,Coronal
1494.png,Coronal
1495.png,Coronal
1496.png,Coronal
1497.png,Coronal
1498.png,Coronal
1499.png,Coronal
1500.png,Coronal
1501.png,Coronal
1502.png,Coronal
1503.png,Coronal
1504.png,Coronal
1505.png,Coronal
1506.png,Coronal
1507.png,Coronal
1508.png,Coronal
1509.png,Coronal
1510.png,Coronal
1511.png,Coronal
1512.png,Coronal
1513.png,Coronal
1514.png,Coronal
1515.png,Coronal
1516.png,Coronal
1517.png,Coronal
1518.png,Coronal
1519.png,Coronal
1520.png,Coronal
1521.png,Coronal
1522.png,Coronal
1523.png,Coronal
1524.png,Coronal
1525.png,Coronal
1526.png,Coronal
1527.png,Coronal
1528.png,Coronal
1529.png,Coronal
1530.png,Coronal
1531.png,Coronal
1532.png,Coronal
1533.png,Coronal
1534.png,Coronal
1535.png,Coronal
1536.png,Coronal
1537.png,Coronal
1538.png,Coronal
1539.png,Coronal
1540.png,Coronal
1541.png,Coronal
1542.png,Coronal
1543.png,Coronal
1544.png,Coronal
1545.png,Coronal
1546.png,Coronal
1547.png,Coronal
1548.png,Coronal
1549.png,Coronal
1550.png,Coronal
1551.png,Coronal
1552.png,Coronal
1553.png,Coronal
1554.png,Coronal
1555.png,Coronal
1556.png,Coronal
1557.png,Coronal
1558.png,Coronal
1559.png,Coronal
1560.png,Coronal
1561.png,Coronal
1562.png,Coronal
1563.png,Coronal
1564.png,Coronal
1565.png,Coronal
1566.png,Coronal
1567.png,Coronal
1568.png,Coronal
1569.png,Coronal
1570.png,Coronal
1571.png,Coronal
1572.png,Coronal
1573.png,Coronal
1574.png,Coronal
1575.png,Coronal
1576.png,Coronal
1577.png,Coronal
1578.png,Coronal
1579.png,Coronal
1580.png,Coronal
1581.png,Coronal
1582.png,Coronal
1583.png,Coronal
1584.png,Coronal
1585.png,Coronal
1586.png,Coronal
1587.png,Coronal
1588.png,Coronal
1589.png,Coronal
1590.png,Coronal
1591.png,Coronal
1592.png,Coronal
1593.png,Coronal
1594.png,Coronal
1595.png,Coronal
1596.png,Coronal
1597.png,Coronal
1598.png,Coronal
1599.png,Coronal
1600.png,Coronal
1601.png,Coronal
1602.png,Coronal
1603.png,Coronal
1604.png,Coronal
1605.png,Coronal
1606.png,Coronal
1607.png,Coronal
1608.png,Coronal
1609.png,Coronal
1610.png,Coronal
1611.png,Coronal
1612.png,Coronal
1613.png,Coronal
1614.png,Coronal
1615.png,Coronal
1616.png,Coronal
1617.png,Coronal
1618.png,Coronal
1619.png,Coronal
1620.png,Coronal
1621.png,Coronal
1622.png,Coronal
1623.png,Coronal
1624.png,Coronal
1625.png,Coronal
1626.png,Coronal
1627.png,Coronal
1628.png,Coronal
1629.png,Coronal
1630.png,Coronal
1631.png,Coronal
1632.png,Coronal
1633.png,Coronal
1634.png,Coronal
1635.png,Coronal
1636.png,Coronal
1637.png,Coronal
1638.png,Coronal
1639.png,Coronal
1640.png,Sagital
1641.png,Sagital
1642.png,Sagital
1643.png,Sagital
1644.png,Sagital
1645.png,Sagital
1646.png,Sagital
1647.png,Sagital
1648.png,Sagital
1649.png,Sagital
1650.png,Sagital
1651.png,Sagital
1652.png,Sagital
1653.png,Sagital
1654.png,Sagital
1655.png,Sagital
1656.png,Sagital
1657.png,Sagital
1658.png,Sagital
1659.png,Sagital
1660.png,Sagital
1661.png,Sagital
1662.png,Sagital
1663.png,Sagital
1664.png,Sagital
1665.png,Sagital
1666.png,Sagital
1667.png,Sagital
1668.png,Sagital
1669.png,Sagital
1670.png,Sagital
1671.png,Sagital
1672.png,Sagital
1673.png,Sagital
1674.png,Sagital
1675.png,Sagital
1676.png,Sagital
1677.png,Sagital
1678.png,Sagital
1679.png,Sagital
1680.png,Sagital
1681.png,Sagital
1682.png,Sagital
1683.png,Sagital
1684.png,Sagital
1685.png,Sagital
1686.png,Sagital
1687.png,Sagital
1688.png,Sagital
1689.png,Sagital
1690.png,Sagital
1691.png,Sagital
1692.png,Sagital
1693.png,Sagital
1694.png,Sagital
1695.png,Sagital
1696.png,Sagital
1697.png,Sagital
1698.png,Sagital
1699.png,Sagital
1700.png,Sagital
1701.png,Sagital
1702.png,Sagital
1703.png,Sagital
1704.png,Sagital
1705.png,Sagital
1706.png,Sagital
1707.png,Sagital
1708.png,Sagital
1709.png,Sagital
1710.png,Sagital
1711.png,Sagital
1712.png,Sagital
1713.png,Sagital
1714.png,Sagital
1715.png,Sagital
1716.png,Sagital
1717.png,Sagital
1718.png,Sagital
1719.png,Sagital
1720.png,Sagital
1721.png,Sagital
1722.png,Sagital
1723.png,Sagital
1724.png,Sagital
1725.png,Sagital
1726.png,Sagital
1727.png,Sagital
1728.png,Sagital
1729.png,Sagital
1730.png,Sagital
1731.png,Sagital
1732.png,Sagital
1733.png,Sagital
1734.png,Sagital
1735.png,Sagital
1736.png,Sagital
1737.png,Sagital
1738.png,Sagital
1739.png,Sagital
1740.png,Sagital
1741.png,Sagital
1742.png,Sagital
1743.png,Sagital
1744.png,Sagital
1745.png,Sagital
1746.png,Sagital
1747.png,Sagital
1748.png,Sagital
1749.png,Sagital
1750.png,Sagital
1751.png,Sagital
1752.png,Sagital
1753.png,Sagital
1754.png,Sagital
1755.png,Sagital
1756.png,Sagital
1757.png,Sagital
1758.png,Sagital
1759.png,Sagital
1760.png,Sagital
1761.png,Sagital
1762.png,Sagital
1763.png,Sagital
1764.png,Sagital
1765.png,Sagital
1766.png,Sagital
1767.png,Sagital
1768.png,Sagital
1769.png,Sagital
1770.png,Sagital
1771.png,Sagital
1772.png,Sagital
1773.png,Sagital
1774.png,Sagital
1775.png,Sagital
1776.png,Sagital
1777.png,Sagital
1778.png,Sagital
1779.png,Sagital
1780.png,Sagital
1781.png,Sagital
1782.png,Sagital
1783.png,Sagital
1784.png,Sagital
1785.png,Sagital
1786.png,Sagital
1787.png,Sagital
1788.png,Sagital
1789.png,Sagital
1790.png,Sagital
1791.png,Sagital
1792.png,Sagital
1793.png,Sagital
1794.png,Sagital
1795.png,Sagital
1796.png,Sagital
1797.png,Sagital
1798.png,Sagital
1799.png,Sagital
1800.png,Sagital
1801.png,Sagital
1802.png,Sagital
1803.png,Sagital
1804.png,Sagital
1805.png,Sagital
1806.png,Sagital
1807.png,Sagital
1808.png,Sagital
1809.png,Sagital
1810.png,Sagital
1811.png,Sagital
1812.png,Sagital
1813.png,Sagital
1814.png,Sagital
1815.png,Sagital
1816.png,Sagital
1817.png,Sagital
1818.png,Sagital
1819.png,Sagital
1820.png,Sagital
1821.png,Sagital
1822.png,Sagital
1823.png,Sagital
1824.png,Sagital
1825.png,Sagital
1826.png,Sagital
1827.png,Sagital
1828.png,Sagital
1829.png,Sagital
1830.png,Sagital
1831.png,Sagital
1832.png,Sagital
1833.png,Sagital
1834.png,Sagital
1835.png,Sagital
1836.png,Sagital
1837.png,Sagital
1838.png,Sagital
1839.png,Sagital
1840.png,Sagital
1841.png,Axial
1842.png,Axial
1843.png,Axial
1844.png,Axial
1845.png,Axial
1846.png,Axial
1847.png,Axial
1848.png,Axial
1849.png,Axial
1850.png,Axial
1851.png,Axial
1852.png,Axial
1853.png,Axial
1854.png,Axial
1855.png,Axial
1856.png,Axial
1857.png,Axial
1858.png,Axial
1859.png,Axial
1860.png,Axial
1861.png,Axial
1862.png,Axial
1863.png,Axial
1864.png,Axial
1865.png,Axial
1866.png,Axial
1867.png,Axial
1868.png,Axial
1869.png,Axial
1870.png,Axial
1871.png,Axial
1872.png,Axial
1873.png,Axial
1874.png,Axial
1875.png,Axial
1876.png,Axial
1877.png,Axial
1878.png,Axial
1879.png,Axial
1880.png,Axial
1881.png,Axial
1882.png,Axial
1883.png,Axial
1884.png,Axial
1885.png,Axial
1886.png,Axial
1887.png,Axial
1888.png,Axial
1889.png,Axial
1890.png,Axial
1891.png,Axial
1892.png,Axial
1893.png,Axial
1894.png,Axial
1895.png,Axial
1896.png,Axial
1897.png,Axial
1898.png,Axial
1899.png,Axial
1900.png,Axial
1901.png,Axial
1902.png,Axial
1903.png,Axial
1904.png,Axial
1905.png,Axial
1906.png,Axial
1907.png,Axial
1908.png,Axial
1909.png,Axial
1910.png,Axial
1911.png,Axial
1912.png,Axial
1913.png,Axial
1914.png,Axial
1915.png,Axial
1916.png,Axial
1917.png,Axial
1918.png,Axial
1919.png,Axial
1920.png,Axial
1921.png,Axial
1922.png,Axial
1923.png,Axial
1924.png,Axial
1925.png,Axial
1926.png,Axial
1927.png,Axial
1928.png,Axial
1929.png,Axial
1930.png,Axial
1931.png,Axial
1932.png,Axial
1933.png,Axial
1934.png,Axial
1935.png,Axial
1936.png,Axial
1937.png,Axial
1938.png,Axial
1939.png,Axial
1940.png,Axial
1941.png,Axial
1942.png,Axial
1943.png,Axial
1944.png,Axial
1945.png,Axial
1946.png,Axial
1947.png,Axial
1948.png,Axial
1949.png,Axial
1950.png,Axial
1951.png,Axial
1952.png,Axial
1953.png,Axial
1954.png,Axial
1955.png,Axial
1956.png,Axial
1957.png,Axial
1958.png,Axial
1959.png,Axial
1960.png,Axial
1961.png,Axial
1962.png,Axial
1963.png,Axial
1964.png,Axial
1965.png,Axial
1966.png,Axial
1967.png,Axial
1968.png,Axial
1969.png,Axial
1970.png,Axial
1971.png,Axial
1972.png,Axial
1973.png,Axial
1974.png,Axial
1975.png,Axial
1976.png,Axial
1977.png,Axial
1978.png,Axial
1979.png,Axial
1980.png,Axial
1981.png,Axial
1982.png,Axial
1983.png,Axial
1984.png,Axial
1985.png,Axial
1986.png,Axial
1987.png,Axial
1988.png,Axial
1989.png,Axial
1990.png,Axial
1991.png,Axial
1992.png,Axial
1993.png,Axial
1994.png,Axial
1995.png,Axial
1996.png,Axial
1997.png,Axial
1998.png,Axial
1999.png,Axial
2000.png,Axial
2001.png,Axial
2002.png,Axial
2003.png,Axial
2004.png,Axial
2005.png,Axial
2006.png,Axial
2007.png,Axial
2008.png,Axial
2009.png,Axial
2010.png,Axial
2011.png,Axial
2012.png,Axial
2013.png,Axial
2014.png,Axial
2015.png,Axial
2016.png,Axial
2017.png,Axial
2018.png,Axial
2019.png,Axial
2020.png,Axial
2021.png,Axial
2022.png,Axial
2023.png,Axial
2024.png,Axial
2025.png,Axial
2026.png,Axial
2027.png,Axial
2028.png,Axial
2029.png,Axial
2030.png,Axial
2031.png,Axial
2032.png,Axial
2033.png,Axial
2034.png,Axial
2035.png,Axial
2036.png,Axial
2037.png,Axial
2038.png,Axial
2039.png,Axial
2040.png,Axial
2041.png,Axial
2042.png,Axial
2043.png,Axial
2044.png,Axial
2045.png,Axial
2046.png,Axial
2047.png,Axial
2048.png,Axial
2049.png,Axial
2050.png,Axial
2051.png,Axial
2052.png,Axial
2053.png,Axial
2054.png,Axial
2055.png,Axial
2056.png,Axial
2057.png,Axial
2058.png,Axial
2059.png,Axial
2060.png,Axial
2061.png,Axial
2062.png,Axial
2063.png,Axial
2064.png,Axial
2065.png,Axial
2066.png,Axial
2067.png,Axial
2068.png,Axial
2069.png,Axial
2070.png,Axial
2071.png,Axial
2072.png,Axial
2073.png,Axial
2074.png,Axial
2075.png,Axial
2076.png,Axial
2077.png,Axial
2078.png,Axial
2079.png,Axial
2080.png,Axial
2081.png,Axial
2082.png,Axial
2083.png,Axial
2084.png,Axial
2085.png,Axial
2086.png,Axial
2087.png,Axial
2088.png,Axial
2089.png,Axial
2090.png,Axial
2091.png,Axial
2092.png,Axial
2093.png,Axial
2094.png,Axial
2095.png,Axial
2096.png,Axial
2097.png,Axial
2098.png,Axial
2099.png,Axial
2100.png,Axial
2101.png,Axial
2102.png,Axial
2103.png,Axial
2104.png,Axial
2105.png,Axial
2106.png,Axial
2107.png,Axial
2108.png,Axial
2109.png,Axial
2110.png,Axial
2111.png,Axial
2112.png,Axial
2113.png,Axial
2114.png,Axial
2115.png,Axial
2116.png,Axial
2117.png,Axial
2118.png,Axial
2119.png,Axial
2120.png,Axial
2121.png,Axial
2122.png,Axial
2123.png,Axial
2124.png,Axial
2125.png,Axial
2126.png,Axial
2127.png,Axial
2128.png,Axial
2129.png,Axial
2130.png,Axial
2131.png,Axial
2132.png,Axial
2133.png,Axial
2134.png,Axial
2135.png,Axial
2136.png,Axial
2137.png,Axial
2138.png,Axial
2139.png,Axial
2140.png,Axial
2141.png,Axial
2142.png,Axial
2143.png,Axial
2144.png,Axial
2145.png,Axial
2146.png,Axial
2147.png,Axial
2148.png,Axial
2149.png,Axial
2150.png,Axial
2151.png,Axial
2152.png,Axial
2153.png,Axial
2154.png,Axial
2155.png,Axial
2156.png,Axial
2157.png,Axial
2158.png,Axial
2159.png,Axial
2160.png,Axial
2161.png,Axial
2162.png,Axial
2163.png,Axial
2164.png,Axial
2165.png,Axial
2166.png,Axial
2167.png,Axial
2168.png,Axial
2169.png,Axial
2170.png,Axial
2171.png,Axial
2172.png,Axial
2173.png,Axial
2174.png,Axial
2175.png,Axial
2176.png,Axial
2177.png,Axial
2178.png,Axial
2179.png,Axial
2180.png,Axial
2181.png,Axial
2182.png,Axial
2183.png,Axial
2184.png,Axial
2185.png,Axial
2186.png,Axial
2187.png,Axial
2188.png,Axial
2189.png,Axial
2190.png,Axial
2191.png,Axial
2192.png,Axial
2193.png,Axial
2194.png,Axial
2195.png,Axial
2196.png,Axial
2197.png,Axial
2198.png,Axial
2199.png,Axial
2200.png,Axial
2201.png,Axial
2202.png,Axial
2203.png,Axial
2204.png,Axial
2205.png,Axial
2206.png,Axial
2207.png,Axial
2208.png,Axial
2209.png,Axial
2210.png,Axial
2211.png,Axial
2212.png,Axial
2213.png,Axial
2214.png,Axial
2215.png,Axial
2216.png,Axial
2217.png,Axial
2218.png,Axial
2219.png,Axial
2220.png,Axial
2221.png,Axial
2222.png,Axial
2223.png,Axial
2224.png,Axial
2225.png,Axial
2226.png,Axial
2227.png,Axial
2228.png,Axial
2229.png,Axial
2230.png,Axial
2231.png,Axial
2232.png,Axial
2233.png,Axial
2234.png,Axial
2235.png,Axial
2236.png,Axial
2237.png,Axial
2238.png,Axial
2239.png,Axial
2240.png,Axial
2241.png,Axial
2242.png,Coronal
2243.png,Coronal
2244.png,Coronal
2245.png,Coronal
2246.png,Coronal
2247.png,Coronal
2248.png,Coronal
2249.png,Coronal
2250.png,Coronal
2251.png,Coronal
2252.png,Coronal
2253.png,Coronal
2254.png,Coronal
2255.png,Coronal
2256.png,Coronal
2257.png,Coronal
2258.png,Coronal
2259.png,Coronal
2260.png,Coronal
2261.png,Coronal
2262.png,Coronal
2263.png,Coronal
2264.png,Coronal
2265.png,Coronal
2266.png,Coronal
2267.png,Coronal
2268.png,Coronal
2269.png,Coronal
2270.png,Coronal
2271.png,Coronal
2272.png,Coronal
2273.png,Coronal
2274.png,Coronal
2275.png,Coronal
2276.png,Coronal
2277.png,Coronal
2278.png,Coronal
2279.png,Coronal
2280.png,Coronal
2281.png,Coronal
2282.png,Coronal
2283.png,Coronal
2284.png,Coronal
2285.png,Coronal
2286.png,Coronal
2287.png,Coronal
2288.png,Coronal
2289.png,Coronal
2290.png,Coronal
2291.png,Coronal
2292.png,Coronal
2293.png,Coronal
2294.png,Coronal
2295.png,Coronal
2296.png,Coronal
2297.png,Coronal
2298.png,Coronal
2299.png,Coronal
2300.png,Coronal
2301.png,Coronal
2302.png,Coronal
2303.png,Coronal
2304.png,Coronal
2305.png,Coronal
2306.png,Coronal
2307.png,Coronal
2308.png,Coronal
2309.png,Coronal
2310.png,Coronal
2311.png,Coronal
2312.png,Coronal
2313.png,Coronal
2314.png,Coronal
2315.png,Coronal
2316.png,Coronal
2317.png,Coronal
2318.png,Coronal
2319.png,Coronal
2320.png,Coronal
2321.png,Coronal
2322.png,Coronal
2323.png,Coronal
2324.png,Coronal
2325.png,Coronal
2326.png,Coronal
2327.png,Coronal
2328.png,Coronal
2329.png,Coronal
2330.png,Coronal
2331.png,Coronal
2332.png,Coronal
2333.png,Coronal
2334.png,Coronal
2335.png,Coronal
2336.png,Coronal
2337.png,Coronal
2338.png,Coronal
2339.png,Coronal
2340.png,Coronal
2341.png,Coronal
2342.png,Coronal
2343.png,Coronal
2344.png,Axial
2345.png,Axial
2346.png,Axial
2347.png,Axial
2348.png,Axial
2349.png,Axial
2350.png,Axial
2351.png,Axial
2352.png,Axial
2353.png,Axial
2354.png,Axial
2355.png,Axial
2356.png,Axial
2357.png,Axial
2358.png,Axial
2359.png,Axial
2360.png,Axial
2361.png,Axial
2362.png,Axial
2363.png,Axial
2364.png,Axial
2365.png,Axial
2366.png,Axial
2367.png,Axial
2368.png,Axial
2369.png,Axial
2370.png,Axial
2371.png,Axial
2372.png,Axial
2373.png,Axial
2374.png,Axial
2375.png,Axial
2376.png,Axial
2377.png,Axial
2378.png,Axial
2379.png,Axial
2380.png,Axial
2381.png,Axial
2382.png,Axial
2383.png,Axial
2384.png,Axial
2385.png,Axial
2386.png,Axial
2387.png,Axial
2388.png,Axial
2389.png,Axial
2390.png,Axial
2391.png,Axial
2392.png,Axial
2393.png,Axial
2394.png,Axial
2395.png,Axial
2396.png,Axial
2397.png,Axial
2398.png,Axial
2399.png,Axial
2400.png,Axial
2401.png,Axial
2402.png,Axial
2403.png,Coronal
2404.png,Coronal
2405.png,Coronal
2406.png,Coronal
2407.png,Coronal
2408.png,Coronal
2409.png,Coronal
2410.png,Coronal
2411.png,Coronal
2412.png,Coronal
2413.png,Coronal
2414.png,Coronal
2415.png,Coronal
2416.png,Coronal
2417.png,Coronal
2418.png,Coronal
2419.png,Coronal
2420.png,Coronal
2421.png,Coronal
2422.png,Coronal
2423.png,Coronal
2424.png,Coronal
2425.png,Coronal
2426.png,Coronal
2427.png,Coronal
2428.png,Coronal
2429.png,Coronal
2430.png,Coronal
2431.png,Coronal
2432.png,Coronal
2433.png,Coronal
2434.png,Coronal
2435.png,Coronal
2436.png,Coronal
2437.png,Coronal
2438.png,Coronal
2439.png,Coronal
2440.png,Coronal
2441.png,Coronal
2442.png,Coronal
2443.png,Coronal
2444.png,Coronal
2445.png,Coronal
2446.png,Coronal
2447.png,Coronal
2448.png,Coronal
2449.png,Coronal
2450.png,Coronal
2451.png,Coronal
2452.png,Coronal
2453.png,Coronal
2454.png,Coronal
2455.png,Coronal
2456.png,Coronal
2457.png,Coronal
2458.png,Coronal
2459.png,Coronal
2460.png,Coronal
2461.png,Coronal
2462.png,Coronal
2463.png,Coronal
2464.png,Coronal
2465.png,Coronal
2466.png,Coronal
2467.png,Coronal
2468.png,Coronal
2469.png,Coronal
2470.png,Coronal
2471.png,Coronal
2472.png,Coronal
2473.png,Coronal
2474.png,Coronal
2475.png,Coronal
2476.png,Coronal
2477.png,Coronal
2478.png,Coronal
2479.png,Coronal
2480.png,Coronal
2481.png,Coronal
2482.png,Coronal
2483.png,Coronal
2484.png,Coronal
2485.png,Coronal
2486.png,Coronal
2487.png,Coronal
2488.png,Coronal
2489.png,Coronal
2490.png,Coronal
2491.png,Coronal
2492.png,Coronal
2493.png,Coronal
2494.png,Coronal
2495.png,Coronal
2496.png,Coronal
2497.png,Coronal
2498.png,Coronal
2499.png,Coronal
2500.png,Coronal
2501.png,Coronal
2502.png,Coronal
2503.png,Coronal
2504.png,Coronal
2505.png,Coronal
2506.png,Coronal
2507.png,Coronal
2508.png,Coronal
2509.png,Coronal
2510.png,Coronal
2511.png,Coronal
2512.png,Coronal
2513.png,Coronal
2514.png,Coronal
2515.png,Coronal
2516.png,Coronal
2517.png,Coronal
2518.png,Coronal
2519.png,Coronal
2520.png,Coronal
2521.png,Coronal
2522.png,Coronal
2523.png,Coronal
2524.png,Coronal
2525.png,Coronal
2526.png,Coronal
2527.png,Coronal
2528.png,Coronal
2529.png,Coronal
2530.png,Coronal
2531.png,Coronal
2532.png,Coronal
2533.png,Coronal
2534.png,Coronal
2535.png,Coronal
2536.png,Coronal
2537.png,Coronal
2538.png,Coronal
2539.png,Coronal
2540.png,Sagital
2541.png,Sagital
2542.png,Sagital
2543.png,Sagital
2544.png,Sagital
2545.png,Sagital
2546.png,Coronal
2547.png,Coronal
2548.png,Coronal
2549.png,Coronal
2550.png,Coronal
2551.png,Coronal
2552.png,Coronal
2553.png,Coronal
2554.png,Coronal
2555.png,Coronal
2556.png,Coronal
2557.png,Coronal
2558.png,Coronal
2559.png,Coronal
2560.png,Coronal
2561.png,Coronal
2562.png,Coronal
2563.png,Coronal
2564.png,Coronal
2565.png,Coronal
2566.png,Coronal
2567.png,Coronal
2568.png,Coronal
2569.png,Coronal
2570.png,Coronal
2571.png,Coronal
2572.png,Coronal
2573.png,Coronal
2574.png,Coronal
2575.png,Coronal
2576.png,Coronal
2577.png,Coronal
2578.png,Coronal
2579.png,Coronal
2580.png,Coronal
2581.png,Coronal
2582.png,Coronal
2583.png,Coronal
2584.png,Coronal
2585.png,Coronal
2586.png,Coronal
2587.png,Coronal
2588.png,Coronal
2589.png,Coronal
2590.png,Coronal
2591.png,Coronal
2592.png,Coronal
2593.png,Coronal
2594.png,Coronal
2595.png,Coronal
2596.png,Coronal
2597.png,Coronal
2598.png,Coronal
2599.png,Coronal
2600.png,Coronal
2601.png,Coronal
2602.png,Coronal
2603.png,Coronal
2604.png,Coronal
2605.png,Coronal
2606.png,Coronal
2607.png,Coronal
2608.png,Coronal
2609.png,Coronal
2610.png,Coronal
2611.png,Coronal
2612.png,Coronal
2613.png,Coronal
2614.png,Coronal
2615.png,Coronal
2616.png,Coronal
2617.png,Coronal
2618.png,Coronal
2619.png,Coronal
2620.png,Coronal
2621.png,Coronal
2622.png,Coronal
2623.png,Coronal
2624.png,Coronal
2625.png,Coronal
2626.png,Coronal
2627.png,Coronal
2628.png,Coronal
2629.png,Coronal
2630.png,Coronal
2631.png,Coronal
2632.png,Coronal
2633.png,Coronal
2634.png,Coronal
2635.png,Coronal
2636.png,Coronal
2637.png,Coronal
2638.png,Coronal
2639.png,Coronal
2640.png,Coronal
2641.png,Coronal
2642.png,Coronal
2643.png,Coronal
2644.png,Coronal
2645.png,Coronal
2646.png,Coronal
2647.png,Coronal
2648.png,Coronal
2649.png,Coronal
2650.png,Coronal
2651.png,Coronal
2652.png,Coronal
2653.png,Coronal
2654.png,Coronal
2655.png,Coronal
2656.png,Coronal
2657.png,Coronal
2658.png,Coronal
2659.png,Coronal
2660.png,Coronal
2661.png,Coronal
2662.png,Coronal
2663.png,Coronal
2664.png,Coronal
2665.png,Coronal
2666.png,Coronal
2667.png,Coronal
2668.png,Coronal
2669.png,Coronal
2670.png,Coronal
2671.png,Coronal
2672.png,Coronal
2673.png,Coronal
2674.png,Coronal
2675.png,Coronal
2676.png,Coronal
2677.png,Coronal
2678.png,Coronal
2679.png,Coronal
2680.png,Coronal
2681.png,Coronal
2682.png,Coronal
2683.png,Coronal
2684.png,Coronal
2685.png,Coronal
2686.png,Coronal
2687.png,Coronal
2688.png,Coronal
2689.png,Coronal
2690.png,Coronal
2691.png,Coronal
2692.png,Coronal
2693.png,Coronal
2694.png,Coronal
2695.png,Coronal
2696.png,Coronal
2697.png,Coronal
2698.png,Coronal
2699.png,Coronal
2700.png,Coronal
2701.png,Coronal
2702.png,Coronal
2703.png,Coronal
2704.png,Coronal
2705.png,Coronal
2706.png,Coronal
2707.png,Coronal
2708.png,Coronal
2709.png,Coronal
2710.png,Coronal
2711.png,Coronal
2712.png,Coronal
2713.png,Coronal
2714.png,Coronal
2715.png,Coronal
2716.png,Coronal
2717.png,Coronal
2718.png,Coronal
2719.png,Coronal
2720.png,Coronal
2721.png,Coronal
2722.png,Coronal
2723.png,Coronal
2724.png,Coronal
2725.png,Coronal
2726.png,Coronal
2727.png,Coronal
2728.png,Coronal
2729.png,Coronal
2730.png,Coronal
2731.png,Sagital
2732.png,Sagital
2733.png,Sagital
2734.png,Sagital
2735.png,Sagital
2736.png,Sagital
2737.png,Sagital
2738.png,Sagital
2739.png,Sagital
2740.png,Sagital
2741.png,Sagital
2742.png,Sagital
2743.png,Sagital
2744.png,Sagital
2745.png,Sagital
2746.png,Sagital
2747.png,Sagital
2748.png,Sagital
2749.png,Sagital
2750.png,Sagital
2751.png,Sagital
2752.png,Sagital
2753.png,Sagital
2754.png,Sagital
2755.png,Sagital
2756.png,Sagital
2757.png,Sagital
2758.png,Sagital
2759.png,Sagital
2760.png,Sagital
2761.png,Sagital
2762.png,Sagital
2763.png,Sagital
2764.png,Sagital
2765.png,Sagital
2766.png,Sagital
2767.png,Sagital
2768.png,Sagital
2769.png,Sagital
2770.png,Sagital
2771.png,Sagital
2772.png,Sagital
2773.png,Sagital
2774.png,Sagital
2775.png,Sagital
2776.png,Sagital
2777.png,Sagital
2778.png,Sagital
2779.png,Sagital
2780.png,Sagital
2781.png,Sagital
2782.png,Sagital
2783.png,Sagital
2784.png,Sagital
2785.png,Sagital
2786.png,Sagital
2787.png,Sagital
2788.png,Sagital
2789.png,Sagital
2790.png,Sagital
2791.png,Sagital
2792.png,Sagital
2793.png,Sagital
2794.png,Sagital
2795.png,Sagital
2796.png,Sagital
2797.png,Sagital
2798.png,Sagital
2799.png,Sagital
2800.png,Sagital
2801.png,Sagital
2802.png,Sagital
2803.png,Sagital
2804.png,Sagital
2805.png,Sagital
2806.png,Sagital
2807.png,Sagital
2808.png,Sagital
2809.png,Sagital
2810.png,Sagital
2811.png,Sagital
2812.png,Sagital
2813.png,Sagital
2814.png,Sagital
2815.png,Sagital
2816.png,Sagital
2817.png,Sagital
2818.png,Sagital
2819.png,Sagital
2820.png,Sagital
2821.png,Sagital
2822.png,Sagital
2823.png,Sagital
2824.png,Sagital
2825.png,Sagital
2826.png,Sagital
2827.png,Sagital
2828.png,Sagital
2829.png,Sagital
2830.png,Sagital
2831.png,Sagital
2832.png,Sagital
2833.png,Sagital
2834.png,Sagital
2835.png,Sagital
2836.png,Sagital
2837.png,Sagital
2838.png,Sagital
2839.png,Sagital
2840.png,Sagital
2841.png,Sagital
2842.png,Sagital
2843.png,Sagital
2844.png,Sagital
2845.png,Sagital
2846.png,Sagital
2847.png,Sagital
2848.png,Sagital
2849.png,Sagital
2850.png,Sagital
2851.png,Sagital
2852.png,Sagital
2853.png,Sagital
2854.png,Sagital
2855.png,Sagital
2856.png,Sagital
2857.png,Sagital
2858.png,Sagital
2859.png,Sagital
2860.png,Sagital
2861.png,Sagital
2862.png,Sagital
2863.png,Sagital
2864.png,Sagital
2865.png,Sagital
2866.png,Sagital
2867.png,Sagital
2868.png,Sagital
2869.png,Sagital
2870.png,Sagital
2871.png,Sagital
2872.png,Sagital
2873.png,Sagital
2874.png,Sagital
2875.png,Sagital
2876.png,Sagital
2877.png,Sagital
2878.png,Sagital
2879.png,Sagital
2880.png,Sagital
2881.png,Sagital
2882.png,Sagital
2883.png,Sagital
2884.png,Sagital
2885.png,Sagital
2886.png,Sagital
2887.png,Sagital
2888.png,Sagital
2889.png,Sagital
2890.png,Sagital
2891.png,Sagital
2892.png,Sagital
2893.png,Sagital
2894.png,Sagital
2895.png,Sagital
2896.png,Sagital
2897.png,Sagital
2898.png,Sagital
2899.png,Sagital
2900.png,Sagital
2901.png,Sagital
2902.png,Sagital
2903.png,Sagital
2904.png,Sagital
2905.png,Sagital
2906.png,Sagital
2907.png,Sagital
2908.png,Sagital
2909.png,Sagital
2910.png,Sagital
2911.png,Sagital
2912.png,Sagital
2913.png,Sagital
2914.png,Sagital
2915.png,Sagital
2916.png,Sagital
2917.png,Sagital
2918.png,Sagital
2919.png,Sagital
2920.png,Sagital
2921.png,Sagital
2922.png,Sagital
2923.png,Sagital
2924.png,Sagital
2925.png,Sagital
2926.png,Sagital
2927.png,Sagital
2928.png,Sagital
2929.png,Sagital
2930.png,Sagital
2931.png,Sagital
2932.png,Sagital
2933.png,Sagital
2934.png,Sagital
2935.png,Sagital
2936.png,Sagital
2937.png,Sagital
2938.png,Sagital
2939.png,Sagital
2940.png,Sagital
2941.png,Sagital
2942.png,Sagital
2943.png,Sagital
2944.png,Sagital
2945.png,Sagital
2946.png,Sagital
2947.png,Sagital
2948.png,Sagital
2949.png,Sagital
2950.png,Sagital
2951.png,Sagital
2952.png,Sagital
2953.png,Sagital
2954.png,Sagital
2955.png,Sagital
2956.png,Sagital
2957.png,Sagital
2958.png,Sagital
2959.png,Sagital
2960.png,Sagital
2961.png,Sagital
2962.png,Sagital
2963.png,Sagital
2964.png,Sagital
2965.png,Sagital
2966.png,Sagital
2967.png,Sagital
2968.png,Sagital
2969.png,Sagital
2970.png,Sagital
2971.png,Sagital
2972.png,Sagital
2973.png,Sagital
2974.png,Sagital
2975.png,Sagital
2976.png,Sagital
2977.png,Sagital
2978.png,Sagital
2979.png,Sagital
2980.png,Sagital
2981.png,Sagital
2982.png,Sagital
2983.png,Sagital
2984.png,Sagital
2985.png,Sagital
2986.png,Sagital
2987.png,Sagital
2988.png,Sagital
2989.png,Sagital
2990.png,Sagital
2991.png,Sagital
2992.png,Sagital
2993.png,Sagital
2994.png,Sagital
2995.png,Sagital
2996.png,Sagital
2997.png,Sagital
2998.png,Sagital
2999.png,Sagital
3000.png,Sagital
3001.png,Sagital
3002.png,Sagital
3003.png,Sagital
3004.png,Sagital
3005.png,Sagital
3006.png,Sagital
3007.png,Sagital
3008.png,Sagital
3009.png,Sagital
3010.png,Sagital
3011.png,Sagital
3012.png,Sagital
3013.png,Sagital
3014.png,Sagital
3015.png,Sagital
3016.png,Sagital
3017.png,Sagital
3018.png,Sagital
3019.png,Sagital
3020.png,Sagital
3021.png,Sagital
3022.png,Sagital
3023.png,Sagital
3024.png,Sagital
3025.png,Sagital
3026.png,Sagital
3027.png,Sagital
3028.png,Sagital
3029.png,Sagital
3030.png,Sagital
3031.png,Sagital
3032.png,Sagital
3033.png,Sagital
3034.png,Sagital
3035.png,Sagital
3036.png,Sagital
3037.png,Sagital
3038.png,Sagital
3039.png,Sagital
3040.png,Sagital
3041.png,Sagital
3042.png,Sagital
3043.png,Sagital
3044.png,Sagital
3045.png,Sagital
3046.png,Sagital
3047.png,Sagital
3048.png,Sagital
3049.png,Sagital
3050.png,Sagital
3051.png,Sagital
3052.png,Sagital
3053.png,Sagital
3054.png,Sagital
3055.png,Sagital
3056.png,Sagital
3057.png,Sagital
3058.png,Sagital
3059.png,Sagital
3060.png,Sagital
3061.png,Sagital
3062.png,Sagital
3063.png,Axial
3064.png,Coronal